{
  "initialTempo": 60,
  "targetTempo": 120,
  "tempoIncrease": 10,
  "quantize": "off",
  "currentStep": "",
  "currentTempo": 120,
  "firstTimeStamp": 1021768.4000000954,
  "exerciseNotes": [
    0,
    0.7,
    1,
    1.7,
    2,
    2.7,
    3,
    3.7,
    4,
    4.7,
    5,
    5.7,
    6,
    6.7,
    7,
    7.7
  ],
  "exerciseBeatCount": 9,
  "practiceRecordings": {
    "dataType": "Map",
    "value": [
      [
        60,
        [
          7.783699999928475,
          8.471799999952315,
          8.6635,
          9.5675,
          9.855199999928475,
          10.615799999952316,
          10.879199999928474,
          11.591699999928474,
          11.8555,
          12.519399999976159,
          12.759199999928475,
          13.479399999976158,
          13.711099999904633,
          14.4075,
          14.735299999952316,
          15.431599999904632,
          15.783199999928474
        ]
      ],
      [
        70,
        [
          24.359699999928473,
          24.903299999952317,
          25.143399999976157,
          25.759399999976157,
          26.047199999928473,
          26.6155,
          26.95109999990463,
          27.5275,
          27.83139999997616,
          28.359299999952317,
          28.66309999990463,
          29.2635,
          29.575199999928476,
          30.095199999928475,
          30.383299999952317,
          30.927299999952318,
          31.239199999928474
        ]
      ],
      [
        80,
        [
          39.239599999904634,
          39.69519999992848,
          39.95119999992848,
          40.47929999995232,
          40.735,
          41.21519999992847,
          41.52739999997616,
          41.97519999992848,
          42.23909999990463,
          42.69539999997616,
          42.97489999997616,
          43.479199999928476,
          43.735199999928476,
          44.215299999952315,
          44.52719999992848,
          44.99919999992847,
          45.263199999928474
        ]
      ],
      [
        90,
        [
          55.4555,
          55.90329999995232,
          56.167099999904636,
          56.598899999976155,
          56.831,
          57.238899999976155,
          57.479199999928476,
          57.85519999992847,
          58.119,
          58.527099999904635,
          58.76719999992847,
          59.23879999995231,
          59.47889999997616,
          59.92729999995232,
          60.167,
          60.57519999992847,
          60.839
        ]
      ],
      [
        100,
        [
          67.97529999995231,
          68.359,
          68.551,
          68.99889999997616,
          69.19109999990464,
          69.62319999992847,
          69.81489999997616,
          70.23889999997616,
          70.38289999997616,
          70.76679999995231,
          70.97479999995231,
          71.43079999995231,
          71.59879999995232,
          71.99879999995231,
          72.21519999992847,
          72.647,
          72.81519999992848
        ]
      ],
      [
        110,
        [
          79.6955,
          80.04679999995231,
          80.21469999992847,
          80.64679999995232,
          80.79079999995231,
          81.11869999992848,
          81.28669999992847,
          81.71879999995231,
          81.887,
          82.23869999992847,
          82.40689999997616,
          82.79079999995231,
          82.95869999992847,
          83.33509999990463,
          83.50279999995232,
          83.911,
          84.07069999992848
        ]
      ],
      [
        120,
        [
          90.69539999997616,
          91.00689999997616,
          91.143,
          91.55069999992847,
          91.6945,
          92.05479999995232,
          92.21479999995232,
          92.55089999997615,
          92.7185,
          93.03059999990464,
          93.19059999990463,
          93.55069999992847,
          93.7185,
          94.05469999992847,
          94.21459999990464,
          94.55059999990463,
          94.71859999990463
        ]
      ]
    ]
  },
  "_appId": "speed-up",
  "_softwareVersion": "0.16.2",
  "_date": "2024-10-09T13:50:16.093Z"
}