{
  "initialTempo": 60,
  "targetTempo": 120,
  "tempoIncrease": 10,
  "quantize": "off",
  "currentStep": "",
  "currentTempo": 120,
  "firstTimeStamp": 122.60000002384186,
  "exerciseNotes": [
    0,
    0.3333333333333333,
    0.6666666666666666,
    1,
    1.3333333333333333,
    1.6666666666666665,
    2,
    2.333333333333333,
    2.6666666666666665,
    3,
    3.333333333333333,
    3.6666666666666665,
    4,
    4.333333333333333,
    4.666666666666666,
    5,
    5.333333333333333,
    5.666666666666666,
    6,
    6.333333333333333,
    6.666666666666666,
    7,
    7.333333333333333,
    7.666666666666666
  ],
  "exerciseBeatCount": 9,
  "practiceRecordings": {
    "dataType": "Map",
    "value": [
      [
        60,
        [
          15.741799999952317,
          16.069,
          16.380899999976158,
          16.66889999997616,
          17.04489999997616,
          17.405,
          17.717,
          18.092899999976158,
          18.42910000002384,
          18.740899999976158,
          19.117,
          19.428799999952318,
          19.740899999976158,
          20.093,
          20.429,
          20.716899999976157,
          21.093,
          21.429299999952317,
          21.765100000023843,
          22.11689999997616,
          22.428899999976156,
          22.789,
          23.14089999997616,
          23.47689999997616,
          23.813
        ]
      ],
      [
        70,
        [
          32.40529999995232,
          32.692899999976156,
          32.97270000004768,
          33.26079999995232,
          33.548799999952315,
          33.860899999976155,
          34.11679999995231,
          34.40479999995232,
          34.692799999952314,
          34.95679999995232,
          35.188799999952316,
          35.500799999952314,
          35.78879999995232,
          36.09279999995232,
          36.40470000004768,
          36.692899999976156,
          36.996799999952316,
          37.28479999995232,
          37.572799999952316,
          37.884799999952314,
          38.164799999952315,
          38.45279999995232,
          38.76470000004768,
          39.02110000002384,
          39.308700000047686
        ]
      ],
      [
        80,
        [
          47.237100000023844,
          47.47679999995232,
          47.74070000004768,
          48.028700000047685,
          48.23660000002384,
          48.500700000047686,
          48.71660000002384,
          48.95660000002384,
          49.23660000002384,
          49.47660000002384,
          49.76470000004768,
          50.052600000023844,
          50.26060000002384,
          50.500600000023844,
          50.76489999997616,
          50.98079999995232,
          51.237,
          51.500700000047686,
          51.74060000002384,
          51.95660000002384,
          52.23670000004768,
          52.47660000002384,
          52.74070000004768,
          53.00460000002384,
          53.23660000002384,
          53.47660000002384
        ]
      ],
      [
        90,
        [
          60.813299999952314,
          61.02879999995232,
          61.23660000002384,
          61.476700000047686,
          61.71660000002384,
          61.90860000002384,
          62.14860000002384,
          62.35660000002384,
          62.57260000002384,
          62.78860000002384,
          63.02860000002384,
          63.26060000002384,
          63.47660000002384,
          63.69270000004769,
          63.90870000004768,
          64.1485,
          64.35660000002385,
          64.57260000002384,
          64.78839999997616,
          65.0285,
          65.21270000004769,
          65.47660000002384,
          65.69270000004768,
          65.9325,
          66.17260000002385,
          66.3805
        ]
      ],
      [
        100,
        [
          73.357,
          73.57239999997616,
          73.7885,
          74.0045,
          74.19639999997615,
          74.38039999997616,
          74.5725,
          74.7885,
          74.98060000002384,
          75.1965,
          75.4045,
          75.5965,
          75.7885,
          76.0045,
          76.1965,
          76.40439999997616,
          76.6205,
          76.7885,
          76.98039999997616,
          77.1725,
          77.35639999997616,
          77.5725,
          77.76439999997616,
          77.95639999997616,
          78.14839999997616,
          78.35639999997616
        ]
      ],
      [
        110,
        [
          85.07689999997616,
          85.29239999997615,
          85.45239999997615,
          85.64429999995231,
          85.83629999995232,
          86.02839999997616,
          86.2205,
          86.4045,
          86.59629999995232,
          86.76429999995231,
          86.95629999995232,
          87.12439999997616,
          87.31629999995232,
          87.50039999997615,
          87.6685,
          87.83620000004768,
          88.02839999997616,
          88.2205,
          88.38029999995231,
          88.57229999995232,
          88.76439999997616,
          88.93239999997616,
          89.12439999997616,
          89.29229999995232,
          89.45229999995232,
          89.64439999997616
        ]
      ],
      [
        120,
        [
          98.14920000004768,
          98.31639999997616,
          98.45229999995232,
          98.62029999995232,
          98.81220000004768,
          98.98029999995232,
          99.14820000004768,
          99.3165,
          99.47620000004768,
          99.64420000004769,
          99.78839999997616,
          99.98020000004769,
          100.12420000004768,
          100.3165,
          100.47639999997615,
          100.64410000002384,
          100.83620000004768,
          101.00420000004769,
          101.17229999995232,
          101.34010000002384,
          101.52429999995232,
          101.69220000004768,
          101.88429999995232,
          102.02829999995231,
          102.19620000004768,
          102.34010000002384
        ]
      ]
    ]
  },
  "_appId": "speed-up",
  "_softwareVersion": "0.16.2",
  "_date": "2024-10-09T13:23:03.740Z"
}