{
  "initialTempo": 80,
  "targetTempo": 120,
  "tempoIncrease": 10,
  "quantize": "off",
  "currentStep": "",
  "currentTempo": 120,
  "firstTimeStamp": 69206.59999999963,
  "exerciseNotes": [
    0,
    0.25,
    0.5,
    0.75,
    1,
    1.25,
    1.5,
    1.7499999999999998,
    2,
    2.25,
    2.5,
    2.75,
    3,
    3.25,
    3.4999999999999996,
    3.75,
    4,
    4.25,
    4.5,
    4.75,
    5,
    5.25,
    5.5,
    5.75
  ],
  "exerciseBeatCount": 9,
  "practiceRecordings": {
    "dataType": "Map",
    "value": [
      [
        80,
        [
          15.569,
          15.798,
          16.019,
          16.262,
          16.493,
          16.779,
          17.047,
          17.273900000000374,
          17.561,
          17.834,
          18.065,
          18.297,
          18.55,
          18.802,
          19.074,
          19.328,
          19.564,
          19.834,
          20.11,
          20.325,
          20.607,
          20.882,
          21.118,
          21.353,
          21.582,
          22.027
        ]
      ],
      [
        90,
        [
          26.017,
          26.225,
          26.454,
          26.695,
          26.906,
          27.167,
          27.367,
          27.549,
          27.78590000000037,
          28.012,
          28.259,
          28.488,
          28.706,
          28.913,
          29.135,
          29.369,
          29.564,
          29.819,
          30.034,
          30.214,
          30.474,
          30.681,
          30.879,
          31.137,
          31.364
        ]
      ],
      [
        100,
        [
          35.44,
          35.644,
          35.882900000000376,
          36.099,
          36.297,
          36.533,
          36.735,
          36.93,
          37.124,
          37.317,
          37.49,
          37.709,
          37.91,
          38.116,
          38.346,
          38.535,
          38.773,
          38.974,
          39.151,
          39.342,
          39.53990000000037,
          39.734,
          39.912,
          40.092,
          40.294
        ]
      ],
      [
        110,
        [
          44.18,
          44.344,
          44.532,
          44.734,
          44.892,
          45.095,
          45.294,
          45.45490000000037,
          45.623,
          45.801,
          45.976,
          46.165,
          46.344,
          46.528,
          46.713,
          46.898900000000374,
          47.078,
          47.265,
          47.454,
          47.633,
          47.809,
          47.992,
          48.166900000000375,
          48.346,
          48.521,
          48.683
        ]
      ],
      [
        120,
        [
          52.166,
          52.324,
          52.485,
          52.665,
          52.825,
          53.021,
          53.2,
          53.367,
          53.535,
          53.68,
          53.83,
          53.989,
          54.162,
          54.342,
          54.507,
          54.678,
          54.839,
          55.011,
          55.181,
          55.35,
          55.514,
          55.681,
          55.836,
          55.995,
          56.14690000000037,
          56.295
        ]
      ]
    ]
  },
  "_appId": "speed-up",
  "_date": "2024-07-03T17:46:22.299Z"
}
