{
  "tempo": 120,
  "binNote": 0,
  "filterNote": 0,
  "barLimit": 500,
  "notes": [
    0,
    0.224,
    0.4748999999761581,
    0.712,
    0.982,
    1.238,
    1.472,
    1.726899999976158,
    2.222,
    2.425,
    2.67,
    2.918899999976158,
    3.191,
    3.5288999999761583,
    3.768,
    4.046,
    4.327,
    4.585,
    4.848,
    5.068,
    5.331,
    5.565899999976158,
    5.819,
    6.364899999976158,
    6.593,
    6.843,
    7.0838999999761585,
    7.366899999976158,
    7.673899999976158,
    7.966,
    8.201,
    8.472899999976159,
    8.762,
    8.895,
    9.198,
    9.494,
    9.715899999976157,
    9.977,
    10.497,
    10.748,
    10.969,
    11.241,
    11.508,
    11.845,
    12.11,
    12.385,
    12.634,
    12.943,
    13.154,
    13.431,
    13.699,
    13.945,
    14.187,
    14.802,
    15.013,
    15.305899999976159,
    15.526899999976159,
    15.845899999976158,
    16.117899999976157,
    16.381,
    16.639,
    16.91889999997616,
    17.193899999976157,
    17.405,
    17.67,
    17.947,
    18.178899999976156,
    18.444,
    18.988,
    19.215,
    19.50689999997616,
    19.715,
    19.97989999997616,
    20.293,
    20.595899999976158,
    20.914899999976157,
    21.209,
    21.501,
    21.75389999997616,
    21.988,
    22.284,
    22.539899999976157,
    22.763,
    23.233,
    23.460899999976156,
    23.691,
    23.705,
    24.171,
    24.46,
    24.754,
    24.975899999976157,
    25.239,
    25.50689999997616,
    25.779,
    26.03289999997616,
    26.255,
    26.478,
    26.767,
    27.045899999976157,
    27.576,
    27.801,
    28.07389999997616,
    28.308,
    28.604,
    28.86,
    29.104,
    29.344899999976157,
    29.638899999976157,
    29.911899999976157,
    30.23389999997616,
    30.391899999976157,
    30.754,
    31.048,
    31.306,
    31.876,
    32.140899999976156,
    32.392,
    32.648,
    32.921,
    33.266,
    33.451,
    33.805899999976155,
    34.13,
    34.38989999997616,
    34.60589999997616,
    34.874,
    35.12,
    35.355,
    35.65289999997616,
    36.23,
    36.481,
    36.737,
    36.974,
    37.291,
    37.576899999976156,
    37.871,
    38.142,
    38.451899999976156,
    38.708,
    38.919,
    39.184,
    39.473,
    39.72889999997616,
    39.98689999997616,
    40.54,
    40.76489999997616,
    41.009,
    41.267,
    41.56289999997616,
    41.852,
    42.088,
    42.34289999997616,
    42.61589999997616,
    42.86,
    43.149,
    43.429,
    43.729,
    43.954,
    44.23389999997616,
    44.794,
    45.031,
    45.335,
    45.545,
    45.881,
    46.165,
    46.44,
    46.67989999997616,
    46.95689999997616,
    46.97089999997616,
    47.298,
    47.471,
    47.821,
    48.13589999997616,
    48.373,
    48.64489999997616,
    49.23389999997616,
    49.462,
    49.751,
    50.03489999997616,
    50.312,
    50.719,
    50.984,
    51.256,
    51.552,
    51.826,
    52.111,
    52.354899999976155,
    52.616899999976155,
    52.878,
    53.134,
    53.662,
    53.917,
    54.21089999997616,
    54.471,
    54.776,
    55.113,
    55.366,
    55.621,
    55.887,
    55.894,
    56.427,
    56.558,
    56.853,
    57.152,
    57.44389999997616,
    57.673,
    58.428,
    58.65989999997616,
    58.91989999997616,
    59.13089999997616,
    59.444,
    59.782,
    60.05,
    60.35,
    60.59,
    60.91189999997616,
    61.134,
    61.40789999997616,
    61.677899999976155,
    61.918,
    62.18,
    62.708,
    62.952,
    63.206,
    63.514,
    63.819,
    64.152,
    64.415,
    64.725,
    65.014,
    65.319,
    65.537,
    65.83089999997615,
    66.101,
    66.31389999997616,
    66.598,
    67.11,
    67.431,
    67.715,
    67.987,
    68.286,
    68.619,
    68.87989999997616,
    69.25389999997616,
    69.561,
    69.81,
    70.11,
    70.404,
    70.648,
    70.954,
    71.181,
    71.435,
    72.06089999997616,
    72.31,
    72.521,
    72.84789999997616,
    73.12989999997616,
    73.489,
    73.71889999997616,
    73.984,
    74.164,
    74.422,
    74.612,
    74.84189999997616,
    75.116,
    75.325,
    75.54789999997615,
    76.00689999997616,
    76.21789999997615,
    76.443,
    76.675,
    76.886,
    77.177,
    77.359,
    77.627,
    77.85389999997616,
    78.12689999997616,
    78.29789999997615,
    78.485,
    78.69589999997616,
    78.895,
    79.134,
    79.556,
    79.748,
    79.98889999997616,
    80.19989999997615,
    80.42,
    80.671,
    80.903,
    81.09689999997616,
    81.35789999997615,
    81.572,
    81.745,
    81.92689999997616,
    82.14789999997616,
    82.384,
    82.58,
    83.026,
    83.227,
    83.43089999997616,
    83.687,
    83.92789999997616,
    84.191,
    84.41889999997616,
    84.643,
    84.874,
    85.11,
    85.3,
    85.492,
    85.74,
    85.961,
    86.167,
    86.619,
    86.818,
    87.072,
    87.368,
    87.619,
    87.928,
    88.17689999997616,
    88.39989999997616,
    88.595,
    88.85289999997616,
    89.073,
    89.26689999997616,
    89.535,
    89.71689999997616,
    89.931,
    90.288,
    90.525,
    90.743,
    91.003,
    91.24,
    91.543,
    91.76389999997616,
    91.97889999997616,
    92.226,
    92.517,
    92.706,
    92.962,
    93.20089999997616,
    93.438,
    93.68,
    94.183,
    94.39589999997615,
    94.662,
    94.87689999997616,
    95.168,
    95.5,
    95.819,
    96.016,
    96.25489999997616,
    96.57989999997616,
    96.81589999997615,
    97.08589999997616,
    97.335,
    97.551,
    97.814,
    98.31789999997616,
    98.54089999997616,
    98.82189999997615,
    99.03789999997616,
    99.377,
    99.705,
    99.99589999997616,
    100.24189999997616,
    100.515,
    100.809,
    101.081,
    101.327,
    101.604,
    101.834,
    102.13189999997616,
    102.672,
    102.925,
    103.183,
    103.42689999997616,
    103.70589999997615,
    104.049,
    104.288,
    104.563,
    104.776,
    105.115,
    105.385,
    105.601,
    105.909,
    106.112,
    106.39389999997616,
    106.945,
    107.25989999997616,
    107.594,
    107.82089999997616,
    108.101,
    108.47,
    108.77,
    109.083,
    109.42389999997616,
    109.762,
    110.02989999997615,
    110.45589999997615,
    110.788,
    111.074,
    111.353,
    111.827,
    112.078,
    112.416,
    112.629,
    112.942,
    113.304,
    113.57589999997616,
    113.83889999997616,
    114.094,
    114.378,
    114.596,
    114.866,
    115.194,
    115.43789999997615,
    115.667
  ],
  "_appId": "tempo-drift",
  "_softwareVersion": "0.17.3",
  "_date": "2024-10-23T16:53:41.890Z"
}