{
  "timeBinSize": 5,
  "tempoBinSize": 5,
  "notes": [
    0,
    0.252,
    0.5049000000357627,
    0.7599000000357627,
    1.027,
    1.282,
    1.549,
    1.804900000035763,
    2.0779000000357626,
    2.326,
    2.578,
    2.8279000000357626,
    3.105,
    3.3559000000357626,
    3.614,
    3.872,
    4.143,
    4.394,
    4.636900000035763,
    4.903,
    5.169900000035763,
    5.419,
    5.684,
    5.940900000035763,
    6.192900000035762,
    6.445,
    6.703,
    6.9779000000357625,
    7.225900000035763,
    7.484,
    7.744,
    7.993,
    8.249900000035764,
    8.527900000035762,
    8.776,
    9.041,
    9.291,
    9.563,
    9.813900000035762,
    10.09,
    10.346,
    10.611900000035762,
    10.881900000035763,
    11.132,
    11.39,
    11.658900000035763,
    11.904,
    12.169,
    12.43,
    12.687,
    12.945900000035763,
    13.21,
    13.433,
    13.458900000035763,
    13.72,
    13.988,
    14.24,
    14.5,
    14.772,
    15.028,
    15.291,
    15.53,
    15.805,
    16.07,
    16.347,
    16.581,
    16.847900000035764,
    17.107900000035762,
    17.35990000003576,
    17.61590000003576,
    17.863,
    18.123900000035764,
    18.373,
    18.634,
    18.875,
    19.131,
    19.383,
    19.632,
    19.88590000003576,
    20.14,
    20.383,
    20.646,
    20.886,
    21.149900000035764,
    21.397,
    21.645,
    21.902,
    22.152900000035764,
    22.39190000003576,
    22.649900000035764,
    22.898,
    23.14190000003576,
    23.39190000003576,
    23.654,
    23.894,
    24.14,
    24.409,
    24.677,
    24.919,
    25.166900000035763,
    25.42690000003576,
    25.684,
    25.933900000035763,
    26.188900000035762,
    26.447,
    26.706900000035763,
    26.955,
    27.209900000035763,
    27.459,
    27.73,
    27.989,
    28.232900000035762,
    28.495,
    28.74690000003576,
    28.988,
    29.246,
    29.49690000003576,
    29.756,
    30,
    30.254,
    30.522,
    30.781900000035762,
    31.041900000035763,
    31.293,
    31.543900000035762,
    31.810900000035762,
    32.069,
    32.321,
    32.578900000035766,
    32.835,
    33.097,
    33.350900000035764,
    33.61790000003576,
    33.854,
    34.124900000035765,
    34.367,
    34.63290000003576,
    34.899900000035764,
    35.152900000035764,
    35.416,
    35.697,
    35.950900000035766,
    36.225,
    36.469900000035764,
    36.735,
    37.001,
    37.271,
    37.519,
    37.77990000003576,
    38.037,
    38.28790000003576,
    38.551,
    38.798,
    39.043,
    39.311,
    39.569
  ],
  "_appId": "tempo-change",
  "_softwareVersion": "0.23.4",
  "_date": "2024-11-26T17:00:11.425Z"
}
