{
  "timeBinSize": 5,
  "tempoBinSize": 5,
  "notes": [
    0,
    0.789,
    1.575,
    2.292900000035763,
    3.075,
    3.884,
    4.694,
    5.462,
    6.153900000035763,
    7.002,
    7.633,
    8.398,
    9.228,
    10.039,
    10.799900000035763,
    11.044,
    11.289900000035763,
    11.531,
    11.770900000035763,
    12.026,
    12.276,
    12.527,
    12.771,
    13.018,
    13.261900000035762,
    13.5,
    13.749900000035764,
    13.997900000035763,
    14.251,
    14.497900000035763,
    14.75,
    14.993,
    15.242900000035762,
    15.483,
    15.737,
    15.978900000035763,
    16.230900000035763,
    16.476900000035762,
    16.727900000035763,
    16.976900000035762,
    17.229,
    17.481,
    17.72890000003576,
    17.975900000035764,
    18.229900000035762,
    18.481,
    18.727900000035763,
    19.489,
    20.246,
    21.037900000035762,
    21.817,
    22.610900000035763,
    23.363,
    24.152900000035764,
    24.94990000003576,
    25.186,
    25.44,
    25.67690000003576,
    25.929,
    26.18,
    26.425900000035764,
    26.477900000035763,
    26.672,
    26.91790000003576,
    27.173,
    27.415,
    27.665900000035762,
    27.92090000003576,
    28.163,
    28.406900000035762,
    28.654,
    28.9,
    29.16790000003576,
    29.410900000035763,
    29.656,
    29.913900000035763,
    30.164,
    30.408,
    30.666,
    30.915,
    31.156900000035762,
    31.4,
    31.64790000003576,
    31.90390000003576,
    32.15790000003576,
    32.406,
    32.655900000035764,
    32.912,
    33.7,
    34.476,
    34.509,
    35.277900000035764,
    36.034,
    36.806,
    37.584,
    38.36390000003576,
    39.124,
    39.886900000035766,
    40.653,
    41.423900000035765,
    42.19,
    42.963,
    43.741,
    44.54190000003576,
    45.293,
    45.536900000035764,
    45.781,
    46.021,
    46.266,
    46.514900000035766,
    46.765,
    47.00090000003576,
    47.24490000003576,
    47.49,
    47.72990000003576,
    47.973,
    48.211,
    48.47,
    48.71190000003576,
    48.954,
    49.186,
    49.435900000035765,
    49.68390000003576,
    49.933,
    50.17290000003576,
    50.423,
    50.663,
    50.91,
    51.15,
    51.394,
    51.643,
    51.892,
    52.14,
    52.379,
    52.623,
    52.866,
    53.113,
    53.87990000003576,
    54.634,
    55.42190000003576,
    56.19390000003576,
    56.976,
    57.737900000035765,
    58.53590000003576,
    59.304,
    60.09990000003576,
    60.877,
    61.646,
    62.409,
    63.181,
    63.988,
    64.75790000003576,
    65.56,
    65.795,
    66.04,
    66.293,
    66.52490000003576,
    66.776,
    67.01590000003576,
    67.25290000003577,
    67.49090000003577,
    67.73890000003577,
    67.98990000003576,
    68.229,
    68.47490000003576,
    68.72390000003577,
    68.977,
    69.22590000003576,
    69.46390000003576,
    69.71490000003577,
    69.961,
    70.21,
    70.43890000003576,
    70.70190000003576,
    70.94590000003576,
    71.197,
    71.433,
    71.68190000003577,
    71.919,
    72.158,
    72.413,
    72.648,
    72.91,
    73.159,
    73.407,
    73.65090000003576,
    73.893,
    74.144,
    74.39790000003576,
    74.638,
    74.888,
    75.129,
    75.37690000003576,
    75.61,
    75.866,
    76.10090000003576,
    76.353,
    76.60190000003577,
    76.84190000003576,
    77.08390000003577,
    77.32990000003576,
    77.571,
    77.816,
    78.071,
    78.31990000003576,
    78.55490000003576,
    78.799,
    79.04490000003577,
    79.294,
    79.536,
    79.78690000003576,
    80.036,
    80.287,
    80.52990000003577,
    80.78390000003576,
    81.036,
    81.274,
    82.03190000003576,
    82.791,
    83.59,
    84.37,
    85.15390000003576,
    85.931,
    86.72990000003577,
    87.48090000003576,
    88.26790000003577,
    89.024,
    89.80690000003577
  ],
  "_appId": "tempo-change",
  "_softwareVersion": "0.23.4",
  "_date": "2024-11-26T17:01:57.211Z"
}
