{
  "timeBinSize": 2,
  "tempoBinSize": 5,
  "notes": [
    0,
    0.042,
    0.3530999999642372,
    0.6940999999642372,
    1.01,
    1.3030999999642372,
    1.631,
    1.934,
    2.227,
    2.5000999999642373,
    2.526,
    2.798,
    3.1010999999642372,
    3.3860999999642374,
    3.6480999999642374,
    3.678,
    3.957099999964237,
    4.221,
    4.49,
    4.755,
    5.038,
    5.313099999964237,
    5.566,
    5.8330999999642374,
    6.095,
    6.359099999964237,
    6.608,
    6.859099999964237,
    7.126099999964238,
    7.372099999964237,
    7.6310999999642375,
    7.880099999964237,
    8.128099999964236,
    8.367,
    8.614099999964237,
    8.855099999964237,
    9.096,
    9.342099999964237,
    9.579,
    9.823099999964237,
    10.068099999964238,
    10.313099999964237,
    10.536,
    10.768099999964237,
    11.014,
    11.227099999964237,
    11.463,
    11.691099999964237,
    11.921099999964238,
    12.128,
    12.355099999964237,
    12.580099999964236,
    12.798099999964236,
    13.019,
    13.238099999964238,
    13.462099999964238,
    13.677,
    13.880099999964237,
    14.096,
    14.31,
    14.519,
    14.728,
    14.931,
    15.139099999964237,
    15.343,
    15.548099999964236,
    15.746,
    15.948099999964237,
    16.141,
    16.337099999964238,
    16.524099999964236,
    16.729,
    16.923099999964236,
    17.116099999964238,
    17.299099999964238,
    17.488,
    17.67209999996424,
    17.863099999964238,
    18.049099999964238,
    18.244,
    18.424099999964238,
    18.616099999964238,
    18.789099999964236,
    18.98009999996424,
    19.156099999964237,
    19.34909999996424,
    19.517099999964238,
    19.706099999964238,
    19.882,
    20.067,
    20.235099999964238,
    20.42809999996424,
    20.462099999964238,
    20.606099999964236,
    20.792,
    20.971,
    21.175,
    21.20709999996424,
    21.28809999996424,
    21.34,
    21.392099999964238,
    21.511099999964237,
    21.578099999964238,
    21.682099999964237,
    21.764099999964237,
    21.874099999964237,
    31.437099999964236,
    38.091099999964236,
    46.640099999964235,
    46.66609999996424,
    47.045099999964236,
    47.446,
    47.51609999996424,
    47.80309999996424,
    48.151,
    48.49909999996424,
    48.858,
    49.175,
    49.485099999964234,
    49.829099999964235,
    50.14509999996424,
    50.454099999964235,
    50.741,
    50.775,
    51.08,
    51.389,
    51.69109999996424,
    51.982,
    52.302099999964234,
    52.59809999996424,
    52.891,
    53.18209999996424,
    53.481099999964236,
    53.771,
    54.046099999964234,
    54.33409999996424,
    54.625099999964235,
    54.902099999964236,
    55.18109999996424,
    55.454,
    55.73609999996424,
    56.015,
    56.275,
    56.543,
    56.82409999996424,
    57.08909999996424,
    57.345,
    57.609,
    57.881,
    58.125,
    58.381099999964235,
    58.61409999996424,
    58.889,
    59.143,
    59.385,
    59.619099999964234,
    59.68409999996424,
    60.146099999964235,
    60.18709999996424,
    60.375,
    60.619099999964234,
    60.87609999996424,
    61.123,
    61.36109999996424,
    61.594,
    61.848,
    62.088,
    62.33,
    62.553,
    62.804,
    63.049099999964234,
    63.280099999964236,
    63.513,
    63.744099999964234,
    63.981,
    64.209,
    64.42909999996424,
    64.673,
    64.89909999996424,
    65.128,
    65.353,
    65.568,
    65.80509999996424,
    66.02209999996424,
    66.24609999996424,
    66.471,
    66.69509999996424,
    66.918,
    67.14309999996424,
    67.36209999996424,
    67.58309999996423,
    67.78609999996424,
    68.018,
    68.225,
    68.43509999996424,
    68.64909999996424,
    68.85509999996424,
    69.055,
    69.26609999996424,
    69.46309999996424,
    69.66509999996424,
    69.85709999996423,
    70.07609999996424,
    70.27,
    70.47909999996423,
    70.676,
    70.87509999996423,
    71.082,
    71.28909999996424,
    71.49109999996423,
    71.70209999996423,
    71.89209999996423,
    72.103,
    72.29109999996423,
    72.49809999996424,
    72.69609999996423,
    72.90209999996424,
    73.094,
    73.30309999996423,
    73.50209999996424,
    73.71009999996424,
    73.90209999996424,
    74.10609999996424,
    74.174,
    74.28309999996424,
    74.485,
    74.66409999996424,
    74.857,
    75.03609999996424,
    75.22809999996424,
    75.25809999996423,
    75.407,
    75.594,
    75.774,
    75.96309999996424,
    75.99009999996424,
    76.13809999996424,
    76.333,
    76.50309999996423,
    76.69,
    76.865,
    77.02409999996424,
    77.04909999996424,
    77.225,
    77.386,
    77.57209999996424,
    77.75409999996424,
    77.81109999996424,
    77.92309999996424,
    78.09809999996423,
    78.27609999996423,
    78.452,
    78.63609999996423,
    78.80209999996424,
    78.84109999996424,
    78.98309999996424,
    79.14309999996424,
    79.325,
    79.48309999996424,
    79.55609999996423,
    79.672,
    79.82709999996423,
    79.85409999996423,
    80.023,
    80.13109999996423,
    80.16109999996424,
    86.589
  ],
  "_appId": "tempo-change",
  "_softwareVersion": "0.23.4",
  "_date": "2024-11-26T17:04:08.692Z"
}